Month,Organisation name,Organisation Code,Directorate,Service Category label,Service Category code,Supplier name,Payment date,Transaction number,Net Amount,Purpose of spend,Procurement classification
June,Southend-on-Sea Borough Council,http://opendatacommunities.org/id/unitary-authority/southend,Place,Cultural And Related Services,4256,The Range,01/06/2017,12055345,14.72 ,Materials for Family Event Day at the Poppies 30/5/17,Department Stores (5311)
June,Southend-on-Sea Borough Council,http://opendatacommunities.org/id/unitary-authority/southend,People,Adult Social Care,1090,Asda Home Shopping,01/06/2017,12055345,63.58 ,Bread & milk,Grocery Stores/Supermarkets (5411)
June,Southend-on-Sea Borough Council,http://opendatacommunities.org/id/unitary-authority/southend,People,Children And Education Services,3055,Amazon UK Marketplace,01/06/2017,12055345,7.70 ,to be sent by supplier,Misc Speciality Retail (5999)
June,Southend-on-Sea Borough Council,http://opendatacommunities.org/id/unitary-authority/southend,People,Children And Education Services,3055,Amazon.Co.Uk,01/06/2017,12055345,8.97 ,Supplier to send in receipt,Misc Speciality Retail (5999)
June,Southend-on-Sea Borough Council,http://opendatacommunities.org/id/unitary-authority/southend,People,Children And Education Services,3055,Amazon UK Marketplace,01/06/2017,12055345,28.80 ,Supplier to send it,Book Stores (5942)
June,Southend-on-Sea Borough Council,http://opendatacommunities.org/id/unitary-authority/southend,Place,Cultural And Related Services,4015,Argos Ltd,01/06/2017,12055345,11.99 ,electrical timers for central museum,Discount Stores (5310)
June,Southend-on-Sea Borough Council,http://opendatacommunities.org/id/unitary-authority/southend,Place,Cultural And Related Services,4015,Greater Anglia T/o,01/06/2017,12055345,45.60 ,Travel to MOLA to discuss Prittlewell Project,Passenger Railways (4112)
June,Southend-on-Sea Borough Council,http://opendatacommunities.org/id/unitary-authority/southend,Place,Cultural And Related Services,7015,Booker Limited Southend O,01/06/2017,12055345,6.79 ,Refreshments for Poppies welfare unit,Caterers (5811)
June,Southend-on-Sea Borough Council,http://opendatacommunities.org/id/unitary-authority/southend,Place,Cultural And Related Services,7015,Booker Limited Southend O,01/06/2017,12055345,13.84 ,Poppies Welfare unit - small bottles of drinking water,Caterers (5811)
June,Southend-on-Sea Borough Council,http://opendatacommunities.org/id/unitary-authority/southend,Place,Cultural And Related Services,4270,Sainsburys S/Mkts,01/06/2017,12055345,2.25 ,emergence stock needed for southchurch Library,Grocery Stores/Supermarkets (5411)
June,Southend-on-Sea Borough Council,http://opendatacommunities.org/id/unitary-authority/southend,Place,Cultural And Related Services,4120,Amazon UK Marketplace,01/06/2017,12055345,4.64 ,Cleaning pellets for air rifle used for Pigeon control,Misc Speciality Retail (5999)
June,Southend-on-Sea Borough Council,http://opendatacommunities.org/id/unitary-authority/southend,People,Children And Education Services,3055,Amazon UK Marketplace,01/06/2017,12055345,5.28 ,receipt to be sent by supplier,Misc Speciality Retail (5999)
June,Southend-on-Sea Borough Council,http://opendatacommunities.org/id/unitary-authority/southend,Place,Cultural And Related Services,4120,Amazon.Co.Uk,01/06/2017,12055345,11.94 ,"Target holder for pigeon control rifle, for adjusting accuracy.",Misc Speciality Retail (5999)
June,Southend-on-Sea Borough Council,http://opendatacommunities.org/id/unitary-authority/southend,Place,Cultural And Related Services,4256,Homebase Ltd 202,01/06/2017,12055345,4.72 ,Volunteer management,Lumber/Build. Supply Stores (5211)
June,Southend-on-Sea Borough Council,http://opendatacommunities.org/id/unitary-authority/southend,Department of the Chief Executive,Central Services to the Public,2210,Paypal,01/06/2017,12055345,5.25 ,"Iphone charger for works phone to be charged in car, essential for Emergency Planning response out of hours",Misc Speciality Retail (5999)
June,Southend-on-Sea Borough Council,http://opendatacommunities.org/id/unitary-authority/southend,People,Adult Social Care,1085,B&m Retail Ltd,01/06/2017,12055345,89.97 ,Food for Delaware,Discount Stores (5310)
June,Southend-on-Sea Borough Council,http://opendatacommunities.org/id/unitary-authority/southend,Place,Cultural And Related Services,4120,Poundworld Retail,01/06/2017,12055345,6.00 ,Cat food for pier cat.,Discount Stores (5310)
June,Southend-on-Sea Borough Council,http://opendatacommunities.org/id/unitary-authority/southend,Place,Cultural And Related Services,4120,Amazon UK Marketplace,01/06/2017,12055345,9.60 ,pellets for air rifle for Pigeon control,Book Stores (5942)
June,Southend-on-Sea Borough Council,http://opendatacommunities.org/id/unitary-authority/southend,Place,Environmental And Regulatory Services,4525,Henry Higgins Fish And,01/06/2017,12055345,37.75 ,Dinner claim for EST team (x 5 officers) Bank Holiday Monday 1700 to 2300 hrs (Car cruise patrols an *,Fast Food Restaurants (5814)
June,Southend-on-Sea Borough Council,http://opendatacommunities.org/id/unitary-authority/southend,Place,Cultural And Related Services,4256,Nosh/ El Mexicana,01/06/2017,12055345,4.80 ,Refreshments for meeting,Eating Places/Restaurants (5812)
June,Southend-on-Sea Borough Council,http://opendatacommunities.org/id/unitary-authority/southend,Place,Cultural And Related Services,4256,Sainsburys S/mkt,01/06/2017,12055345,9.15 ,Bottled water and materials for Family craft event at Poppies Wave on 30/5/17,Grocery Stores/Supermarkets (5411)
June,Southend-on-Sea Borough Council,http://opendatacommunities.org/id/unitary-authority/southend,Department of the Chief Executive,Central Services to the Public,7130,Amazon UK Marketplace,01/06/2017,12055345,102.89 ,"5 gang power cables, Cables Ties, Cable Tie mounts for AV installs. Requested by REDACTED PERSONAL DATA",Book Stores (5942)
June,Southend-on-Sea Borough Council,http://opendatacommunities.org/id/unitary-authority/southend,Department of the Chief Executive,Central Services to the Public,7130,Amazon UK Marketplace,01/06/2017,12055345,163.05 ,"HDMI cables (1m & 3m), Right-Angle HDMI adapters & Velcro tape for AV equipment installs. requested *",Misc Speciality Retail (5999)
June,Southend-on-Sea Borough Council,http://opendatacommunities.org/id/unitary-authority/southend,People,Adult Social Care,1090,Asda Home Shopping,01/06/2017,12055345,-1.24 ,Credit Voucher Asda Home Shopping,Grocery Stores/Supermarkets (5411)
June,Southend-on-Sea Borough Council,http://opendatacommunities.org/id/unitary-authority/southend,People,Adult Social Care,1090,Asda Home Shopping,01/06/2017,12055345,224.26 ,weekly shop,Grocery Stores/Supermarkets (5411)
June,Southend-on-Sea Borough Council,http://opendatacommunities.org/id/unitary-authority/southend,People,Central Services to the Public,1030,Disclosure & Barring,01/06/2017,12055345,13.00 ,Updated DBS Certificate,Govt Serv - Default (9399)
June,Southend-on-Sea Borough Council,http://opendatacommunities.org/id/unitary-authority/southend,People,Central Services to the Public,1030,Co-Op Group 070686,01/06/2017,12055345,16.28 ,Refreshments for Education drive meeting.,Grocery Stores/Supermarkets (5411)
June,Southend-on-Sea Borough Council,http://opendatacommunities.org/id/unitary-authority/southend,Place,Cultural And Related Services,4055,Itunes.Com/Bill,01/06/2017,12055345,1.98 ,App,Record Shops (5735)
June,Southend-on-Sea Borough Council,http://opendatacommunities.org/id/unitary-authority/southend,Place,Cultural And Related Services,4055,Amazon Prime,01/06/2017,12055345,7.99 ,Subscription,Continuity/Subscription Mercht (5968)
June,Southend-on-Sea Borough Council,http://opendatacommunities.org/id/unitary-authority/southend,Place,Cultural And Related Services,4055,Greater Anglia Trains,01/06/2017,12055345,28.00 ,REDACTED PERSONAL DATA Train to NorwichNew Geographies Meeting,Passenger Railways (4112)
June,Southend-on-Sea Borough Council,http://opendatacommunities.org/id/unitary-authority/southend,People,Adult Social Care,1321,Ryman,01/06/2017,12055345,23.02 ,document wallets and whiteboard markers,Stationery Stores (5943)
June,Southend-on-Sea Borough Council,http://opendatacommunities.org/id/unitary-authority/southend,People,Adult Social Care,1321,Asda Superstore,01/06/2017,12055345,51.00 ,food items,Grocery Stores/Supermarkets (5411)
June,Southend-on-Sea Borough Council,http://opendatacommunities.org/id/unitary-authority/southend,Place,Highways And Transport Services,5005,Www.Ice.Org.Uk,01/06/2017,12055345,267.50 ,ICE registration fee,Member Organizations - Def (8699)
June,Southend-on-Sea Borough Council,http://opendatacommunities.org/id/unitary-authority/southend,Place,Cultural And Related Services,4120,Amazon UK Marketplace,01/06/2017,12055345,5.76 ,Targets for adjusting accuracy of Pigeon control air rifle,Misc Speciality Retail (5999)
June,Southend-on-Sea Borough Council,http://opendatacommunities.org/id/unitary-authority/southend,People,Children And Education Services,3471,Booker Limited Southend O,01/06/2017,12055345,27.78 ,Catering for project work,Caterers (5811)
June,Southend-on-Sea Borough Council,http://opendatacommunities.org/id/unitary-authority/southend,People,Children And Education Services,3471,Booker Limited Southend O,01/06/2017,12055345,5.74 ,Catering for project work,Caterers (5811)
June,Southend-on-Sea Borough Council,http://opendatacommunities.org/id/unitary-authority/southend,Place,Cultural And Related Services,4015,The Edge (Systems) Lim,01/06/2017,12055345,132.00 ,Tickets for Cliff Lift,Commercial Photo/Art/Graph (7333)
June,Southend-on-Sea Borough Council,http://opendatacommunities.org/id/unitary-authority/southend,Place,Cultural And Related Services,4256,Parcel2go.Com Ltd,01/06/2017,12055345,12.34 ,RFID Tags delivery to Dawsons via TNT,Courier Services (4215)
June,Southend-on-Sea Borough Council,http://opendatacommunities.org/id/unitary-authority/southend,Department of the Chief Executive,Central Services to the Public,7130,Amz*hdcentral,01/06/2017,12055345,-5.99 ,Credit Voucher Amz*hdcentral Refund for 1x Cablesson Right Angle 270 degree HDMI adapter that was no *,Misc Speciality Retail (5999)
June,Southend-on-Sea Borough Council,http://opendatacommunities.org/id/unitary-authority/southend,Department of the Chief Executive,Central Services to the Public,7130,Amazon UK Marketplace,01/06/2017,12055345,44.90 ,F0243756: 1m HDMI cables x5 for installation of VC kit. Requested by REDACTED PERSONAL DATA,Misc Speciality Retail (5999)
June,Southend-on-Sea Borough Council,http://opendatacommunities.org/id/unitary-authority/southend,Department of the Chief Executive,Central Services to the Public,7175,Dvla Vehicle Tax,01/06/2017,12055345,242.50 ,DVLA Vehicle Tax,Govt Serv - Default (9399)
June,Southend-on-Sea Borough Council,http://opendatacommunities.org/id/unitary-authority/southend,Department of the Chief Executive,Central Services to the Public,7175,Dvla Vehicle Tax,01/06/2017,12055345,242.50 ,DVLA Vehicle Tax,Govt Serv - Default (9399)
June,Southend-on-Sea Borough Council,http://opendatacommunities.org/id/unitary-authority/southend,Department of the Chief Executive,Central Services to the Public,7175,Dvla Vehicle Tax,01/06/2017,12055345,242.50 ,DVLA Vehicle tax,Govt Serv - Default (9399)
June,Southend-on-Sea Borough Council,http://opendatacommunities.org/id/unitary-authority/southend,Department of the Chief Executive,Central Services to the Public,7175,Dvla Vehicle Tax,01/06/2017,12055345,242.50 ,DVLA Vehicle tax,Govt Serv - Default (9399)
June,Southend-on-Sea Borough Council,http://opendatacommunities.org/id/unitary-authority/southend,Department of the Chief Executive,Central Services to the Public,7175,Dvla Vehicle Tax,01/06/2017,12055345,242.50 ,DVLA Vehicle Tax,Govt Serv - Default (9399)
June,Southend-on-Sea Borough Council,http://opendatacommunities.org/id/unitary-authority/southend,Department of the Chief Executive,Central Services to the Public,7175,Dvla Vehicle Tax,01/06/2017,12055345,242.50 ,DVLA Vehicle tax,Govt Serv - Default (9399)
June,Southend-on-Sea Borough Council,http://opendatacommunities.org/id/unitary-authority/southend,Department of the Chief Executive,Central Services to the Public,7175,Dvla Vehicle Tax,01/06/2017,12055345,242.50 ,DVLA Vehicle tax,Govt Serv - Default (9399)
June,Southend-on-Sea Borough Council,http://opendatacommunities.org/id/unitary-authority/southend,Department of the Chief Executive,Central Services to the Public,7175,Dvla Vehicle Tax,01/06/2017,12055345,242.50 ,DVLA Vehicle Tax,Govt Serv - Default (9399)
June,Southend-on-Sea Borough Council,http://opendatacommunities.org/id/unitary-authority/southend,Department of the Chief Executive,Central Services to the Public,7175,Dvla Vehicle Tax,01/06/2017,12055345,242.50 ,DVLA Vehicle tax,Govt Serv - Default (9399)
June,Southend-on-Sea Borough Council,http://opendatacommunities.org/id/unitary-authority/southend,Place,Cultural And Related Services,4055,Hootsuite Media Inc.,01/06/2017,12055345,11.99 ,Events advertising,Business Services - Default (7399)
June,Southend-on-Sea Borough Council,http://opendatacommunities.org/id/unitary-authority/southend,People,Adult Social Care,1321,Homebase Ltd 202,01/06/2017,12055345,17.74 ,wire dustbins,Lumber/Build. Supply Stores (5211)
June,Southend-on-Sea Borough Council,http://opendatacommunities.org/id/unitary-authority/southend,People,Adult Social Care,1321,Currys,01/06/2017,12055345,139.96 ,shredder and laminating pouches,Electronics Sales (5732)
June,Southend-on-Sea Borough Council,http://opendatacommunities.org/id/unitary-authority/southend,Department of the Chief Executive,Central Services to the Public,2045,Wilko.Com,01/06/2017,12055345,9.00 ,Glass jugs for meetings,Household Appliance Stores (5722)
June,Southend-on-Sea Borough Council,http://opendatacommunities.org/id/unitary-authority/southend,Place,Cultural And Related Services,4010,Www.Electricaldirect.C,01/06/2017,12055345,32.68 ,Metal tray for wiring x2,Electrical Parts/Equipment (5065)
June,Southend-on-Sea Borough Council,http://opendatacommunities.org/id/unitary-authority/southend,Place,Cultural And Related Services,4015,The Post Office,01/06/2017,12055345,8.55 ,"Return of costume item to lender - Black Tie exhibition, Beecroft Art Gallery",Postage Stamps (9402)
June,Southend-on-Sea Borough Council,http://opendatacommunities.org/id/unitary-authority/southend,People,Children And Education Services,3201,Eb *seminar Managing P,01/06/2017,12055345,239.94 ,Attendance of REDACTED PERSONAL DATA @ Managing People through the Challenge of Change 12th June 2017,Business Services - Default (7399)
June,Southend-on-Sea Borough Council,http://opendatacommunities.org/id/unitary-authority/southend,People,Children And Education Services,3201,Eb *seminar Managing P,01/06/2017,12055345,239.94 ,Attendance of REDACTED PERSONAL DATA @ Managing People through the Challenge of Change 12th June 2017,Business Services - Default (7399)
June,Southend-on-Sea Borough Council,http://opendatacommunities.org/id/unitary-authority/southend,Place,Cultural And Related Services,7111,Www.Ukpos.Com,01/06/2017,12055345,351.00 ,A4 Wall mounted poster kits for prayer room.,Stationery Stores (5943)
June,Southend-on-Sea Borough Council,http://opendatacommunities.org/id/unitary-authority/southend,Department of the Chief Executive,Central Services to the Public,7175,Screwfix Direct,01/06/2017,12055345,42.99 ,Dewalt Bolster safety shoe size 11,Lumber/Build. Supply Stores (5211)
June,Southend-on-Sea Borough Council,http://opendatacommunities.org/id/unitary-authority/southend,People,Adult Social Care,1085,Asda Home Shopping,01/06/2017,12055345,-52.24 ,Credit Voucher Asda Home Shopping,Grocery Stores/Supermarkets (5411)
June,Southend-on-Sea Borough Council,http://opendatacommunities.org/id/unitary-authority/southend,People,Adult Social Care,1085,Asda Home Shopping,01/06/2017,12055345,293.94 ,Asda Food Shopping,Grocery Stores/Supermarkets (5411)
June,Southend-on-Sea Borough Council,http://opendatacommunities.org/id/unitary-authority/southend,Place,Cultural And Related Services,4055,Mailchimp,01/06/2017,12055345,59.33 ,Email campaign,Business Services - Default (7399)
June,Southend-on-Sea Borough Council,http://opendatacommunities.org/id/unitary-authority/southend,People,Central Services to the Public,1030,Ncp Limited,01/06/2017,12055345,4.80 ,Parking for meeting in Birmingham on 01.06.2017,"Parking Lots, Meters, Garages (7523)"
June,Southend-on-Sea Borough Council,http://opendatacommunities.org/id/unitary-authority/southend,Place,Cultural And Related Services,4010,Paypal,01/06/2017,12055345,13.50 ,Equipment for Maximum Overdrive (second hand),Misc Speciality Retail (5999)
June,Southend-on-Sea Borough Council,http://opendatacommunities.org/id/unitary-authority/southend,Place,Cultural And Related Services,4015,Wilko Retail Limit,02/06/2017,12055345,13.00 ,"Protective covers for art collections in basement store, Beecroft Art Gallery",Household Appliance Stores (5722)
June,Southend-on-Sea Borough Council,http://opendatacommunities.org/id/unitary-authority/southend,Place,Environmental And Regulatory Services,7035,Www.Publicpolicyexchan,02/06/2017,12055345,354.00 ,REDACTED PERSONAL DATA - The Future of the Night-Time Economy: Promoting Cooperation in Entertainment andAlcohol *,Business Services - Default (7399)
June,Southend-on-Sea Borough Council,http://opendatacommunities.org/id/unitary-authority/southend,People,Adult Social Care,1090,Asda Home Shopping,02/06/2017,12055345,64.76 ,Bread & milk,Grocery Stores/Supermarkets (5411)
June,Southend-on-Sea Borough Council,http://opendatacommunities.org/id/unitary-authority/southend,Place,Cultural And Related Services,4010,The Post Office,02/06/2017,12055345,3.90 ,Postage of Licences for Twenty One,Postage Stamps (9402)
June,Southend-on-Sea Borough Council,http://opendatacommunities.org/id/unitary-authority/southend,Department of the Chief Executive,Central Services to the Public,2047,Greater Anglia T/o,02/06/2017,12055345,38.70 ,travel for attendance at leadership training - REDACTED PERSONAL DATA,Passenger Railways (4112)
June,Southend-on-Sea Borough Council,http://opendatacommunities.org/id/unitary-authority/southend,Place,Cultural And Related Services,4115,Lidl Uk,02/06/2017,12055345,69.99 ,Spanner and socket set for outposts,Grocery Stores/Supermarkets (5411)
June,Southend-on-Sea Borough Council,http://opendatacommunities.org/id/unitary-authority/southend,Place,Cultural And Related Services,4256,The Factory Shops Essex L,02/06/2017,12055345,17.49 ,"Volunteer tea party equipment - plates, napkins etc",Misc Gen Merchandise - Def (5399)
June,Southend-on-Sea Borough Council,http://opendatacommunities.org/id/unitary-authority/southend,People,Adult Social Care,1342,Currys Online,02/06/2017,12055345,239.98 , of a fridge freezer for Southend Care offices,Electronics Sales (5732)
June,Southend-on-Sea Borough Council,http://opendatacommunities.org/id/unitary-authority/southend,Department of the Chief Executive,Central Services to the Public,7130,Audon Electronics,02/06/2017,12055345,174.00 ,P8510 Ethernet Thermometer Sensor to monitor Tickfield POP,Electrical Parts/Equipment (5065)
June,Southend-on-Sea Borough Council,http://opendatacommunities.org/id/unitary-authority/southend,Department of the Chief Executive,Central Services to the Public,7175,Amazon UK Marketplace,03/06/2017,12055345,62.00 ,2 pairs safety boot,Misc Speciality Retail (5999)
June,Southend-on-Sea Borough Council,http://opendatacommunities.org/id/unitary-authority/southend,Place,Cultural And Related Services,4010,The Post Office,03/06/2017,12055345,16.90 ,Postage of events programs Maximum Overdrive,Postage Stamps (9402)
June,Southend-on-Sea Borough Council,http://opendatacommunities.org/id/unitary-authority/southend,Place,Cultural And Related Services,4120,Poundworld Retail,04/06/2017,12055345,3.00 ,Cat food for pier cat.,Discount Stores (5310)
June,Southend-on-Sea Borough Council,http://opendatacommunities.org/id/unitary-authority/southend,People,Children And Education Services,3105,Amazon UK Marketplace,05/06/2017,12055345,57.99 ,Amazon -Step Ladder,Misc Speciality Retail (5999)
June,Southend-on-Sea Borough Council,http://opendatacommunities.org/id/unitary-authority/southend,Department of the Chief Executive,Central Services to the Public,2045,Starbucks,05/06/2017,12055345,6.35 ,Refreshments for attendance at commissioning training x2 attendees,Fast Food Restaurants (5814)
June,Southend-on-Sea Borough Council,http://opendatacommunities.org/id/unitary-authority/southend,Department of the Chief Executive,Central Services to the Public,2045,Greater Anglia T/o,05/06/2017,12055345,61.00 ,Travel to Commissioning induction in London for x2 group members,Passenger Railways (4112)
June,Southend-on-Sea Borough Council,http://opendatacommunities.org/id/unitary-authority/southend,Department of the Chief Executive,Central Services to the Public,7130,Amazon UK Retail,05/06/2017,12055345,45.23 ,F0244059: 5x Sony LTO-2 cleaning tape for Vancover. Requested by REDACTED PERSONAL DATA,Other Direct Marketers (5969)
June,Southend-on-Sea Borough Council,http://opendatacommunities.org/id/unitary-authority/southend,Department of the Chief Executive,Central Services to the Public,7130,"Amazon Svcs Europe,sar",05/06/2017,12055345,55.99 ,F0244059: 5x Sony LTO-2 200GB (400B compressed) tapes for Vancover. Requested by REDACTED PERSONAL DATA,Book Stores (5942)
June,Southend-on-Sea Borough Council,http://opendatacommunities.org/id/unitary-authority/southend,Place,Central Services to the Public,7540,Boc Tel Order,05/06/2017,12055345,64.14 ,B.O.C. payment for Bottle Hire,Chemicals/Allied Prods - Def (5169)
June,Southend-on-Sea Borough Council,http://opendatacommunities.org/id/unitary-authority/southend,Place,Cultural And Related Services,4256,Aldi,05/06/2017,12055345,2.43 ,Volunteer tea party,Grocery Stores/Supermarkets (5411)
June,Southend-on-Sea Borough Council,http://opendatacommunities.org/id/unitary-authority/southend,Place,Cultural And Related Services,4256,Aldi,05/06/2017,12055345,53.47 ,Volunteer Tea Party,Grocery Stores/Supermarkets (5411)
June,Southend-on-Sea Borough Council,http://opendatacommunities.org/id/unitary-authority/southend,Place,Cultural And Related Services,4256,Aldi,05/06/2017,12055345,12.39 ,Volunteer Tea Party,Grocery Stores/Supermarkets (5411)
June,Southend-on-Sea Borough Council,http://opendatacommunities.org/id/unitary-authority/southend,Department of the Chief Executive,Central Services to the Public,2005,East Midlands Trains,05/06/2017,12055345,137.00 ,"Rail travel, REDACTED PERSONAL DATA - Electoral Registration.",Passenger Railways (4112)
June,Southend-on-Sea Borough Council,http://opendatacommunities.org/id/unitary-authority/southend,People,Adult Social Care,1342,Chelmsford Council,05/06/2017,12055345,4.50 ,Car parking to attend Market Shaping Strategy Event,Govt Serv - Default (9399)
June,Southend-on-Sea Borough Council,http://opendatacommunities.org/id/unitary-authority/southend,Department of the Chief Executive,Central Services to the Public,7130,Trainline,05/06/2017,12055345,35.14 ,InfoSec 2017 Train Tickets 06-06-17,Passenger Railways (4112)
June,Southend-on-Sea Borough Council,http://opendatacommunities.org/id/unitary-authority/southend,People,Children And Education Services,3471,Asda Superstore,05/06/2017,12055345,10.95 ,Groceries for Shoebury cafe,Grocery Stores/Supermarkets (5411)
June,Southend-on-Sea Borough Council,http://opendatacommunities.org/id/unitary-authority/southend,Place,Cultural And Related Services,4120,Farmfoods- Southen,05/06/2017,12055345,19.98 ,Cat food for pier cat.,Grocery Stores/Supermarkets (5411)
June,Southend-on-Sea Borough Council,http://opendatacommunities.org/id/unitary-authority/southend,Place,Cultural And Related Services,7515,Costco On-Line,06/06/2017,12055345,26.40 ,cosco membershio,Wholesale Clubs (5300)
June,Southend-on-Sea Borough Council,http://opendatacommunities.org/id/unitary-authority/southend,Department of the Chief Executive,Central Services to the Public,7130,Amazon UK Marketplace,06/06/2017,12055345,66.98 ,F0244482: Wireless IP cameras to test with a view of them being used for remote monitoring of vulner *,Misc Speciality Retail (5999)
June,Southend-on-Sea Borough Council,http://opendatacommunities.org/id/unitary-authority/southend,People,Adult Social Care,1090,Amazon UK Retail,06/06/2017,12055345,25.64 ,Ironing board covers,Other Direct Marketers (5969)
June,Southend-on-Sea Borough Council,http://opendatacommunities.org/id/unitary-authority/southend,People,Adult Social Care,1090,Asda Home Shopping,06/06/2017,12055345,188.55 ,weekly shop,Grocery Stores/Supermarkets (5411)
June,Southend-on-Sea Borough Council,http://opendatacommunities.org/id/unitary-authority/southend,People,Central Services to the Public,1025,Www.Thefatpizza.Co.Uk,06/06/2017,12055345,22.50 ,hospitality,Fast Food Restaurants (5814)
June,Southend-on-Sea Borough Council,http://opendatacommunities.org/id/unitary-authority/southend,People,Children And Education Services,3105,Www.Gear4music.Com,07/06/2017,12055345,29.93 ,gear4Music - Guitar strap and leads,Music Stores/Pianos (5733)
June,Southend-on-Sea Borough Council,http://opendatacommunities.org/id/unitary-authority/southend,Place,Cultural And Related Services,7111,Amazon UK Marketplace,07/06/2017,12055345,59.99 ,Amazon invoice for Megaphone £43.95 and TEL components invoice for batteries £16.04. For the pier/l *,Book Stores (5942)
June,Southend-on-Sea Borough Council,http://opendatacommunities.org/id/unitary-authority/southend,Place,Cultural And Related Services,7505,Www.Trees.Org.Uk,07/06/2017,12055345,702.00 ,Arb Training,Charitable/Soc Service Orgs (8398)
June,Southend-on-Sea Borough Council,http://opendatacommunities.org/id/unitary-authority/southend,Department of the Chief Executive,Central Services to the Public,2045,Hootsuite Media Inc.,07/06/2017,12055345,14.38 ,Monthly subscription fee to social media platform,Business Services - Default (7399)
June,Southend-on-Sea Borough Council,http://opendatacommunities.org/id/unitary-authority/southend,Department of the Chief Executive,Central Services to the Public,2045,Greater Anglia T/o,07/06/2017,12055345,26.20 ,Travel to training on 8th June - REDACTED PERSONAL DATA,Passenger Railways (4112)
June,Southend-on-Sea Borough Council,http://opendatacommunities.org/id/unitary-authority/southend,People,Housing Services,6046,St Anns,07/06/2017,12055345,11.60 ,Materials for Handyman Job - St.Anns Building Supplies,Lumber/Build. Supply Stores (5211)
June,Southend-on-Sea Borough Council,http://opendatacommunities.org/id/unitary-authority/southend,Department of the Chief Executive,Central Services to the Public,7130,Amazon UK Marketplace,07/06/2017,12055345,3.99 ,F0244051: Tempered Glass screen protector for Microsoft Lumia 640 XL used by REDACTED PERSONAL DATA,Misc Speciality Retail (5999)
June,Southend-on-Sea Borough Council,http://opendatacommunities.org/id/unitary-authority/southend,Place,Cultural And Related Services,7015,Brights Locksmiths Ltd,07/06/2017,12055345,115.01 ,"Replacement lock for Wagon & Carriage shed, Shoebury - Good Friday callout",Spec Contractors - Default (1799)
June,Southend-on-Sea Borough Council,http://opendatacommunities.org/id/unitary-authority/southend,People,Adult Social Care,1342,C2c Atos Webtis,07/06/2017,12055345,52.20 ,Train tickets for travel to London for REDACTED PERSONAL DATA and REDACTED PERSONAL DATA for Change Management Confer *,Passenger Railways (4112)
June,Southend-on-Sea Borough Council,http://opendatacommunities.org/id/unitary-authority/southend,People,Adult Social Care,1085,Asda Home Shopping,08/06/2017,12055345,286.24 ,weekly shop,Grocery Stores/Supermarkets (5411)
June,Southend-on-Sea Borough Council,http://opendatacommunities.org/id/unitary-authority/southend,Place,Cultural And Related Services,4055,Pulp Kitchen,08/06/2017,12055345,18.00 ,Lunch expenses with commission artist - Twenty One,Fast Food Restaurants (5814)
June,Southend-on-Sea Borough Council,http://opendatacommunities.org/id/unitary-authority/southend,Public Health,Public Health,-,Amazon Prime,08/06/2017,12055345,7.99 ,This was error and money will be refunded.,Continuity/Subscription Mercht (5968)
June,Southend-on-Sea Borough Council,http://opendatacommunities.org/id/unitary-authority/southend,People,Adult Social Care,1090,Asda Home Shopping,09/06/2017,12055345,64.76 ,Bread & Milk,Grocery Stores/Supermarkets (5411)
June,Southend-on-Sea Borough Council,http://opendatacommunities.org/id/unitary-authority/southend,Place,Cultural And Related Services,4010,The Post Office,09/06/2017,12055345,6.45 ,Postage of Elephant Trust Application REDACTED PERSONAL DATA,Postage Stamps (9402)
June,Southend-on-Sea Borough Council,http://opendatacommunities.org/id/unitary-authority/southend,Place,Cultural And Related Services,7015,Amazon UK Retail,10/06/2017,12055345,50.00 ,IPAD attachment to reduce buffering from wind interference for outside recording - Poppies closing e *,Other Direct Marketers (5969)
June,Southend-on-Sea Borough Council,http://opendatacommunities.org/id/unitary-authority/southend,Place,Environmental And Regulatory Services,4525,Henry Higgins Fish And,10/06/2017,12055345,23.05 ,10th June Unauthorised Car Cruise event. Pre patrol joint partner briefing for EST and partners at H *,Fast Food Restaurants (5814)
June,Southend-on-Sea Borough Council,http://opendatacommunities.org/id/unitary-authority/southend,Place,Cultural And Related Services,4256,Asda Superstore,11/06/2017,12055345,4.00 ,Notebooks for branches,Grocery Stores/Supermarkets (5411)
June,Southend-on-Sea Borough Council,http://opendatacommunities.org/id/unitary-authority/southend,Place,Cultural And Related Services,4290,Asda Superstore,11/06/2017,12055345,6.00 ,Changing Mat for Leigh Library,Grocery Stores/Supermarkets (5411)
June,Southend-on-Sea Borough Council,http://opendatacommunities.org/id/unitary-authority/southend,People,Adult Social Care,1321,Solopress.Com V/terminal,12/06/2017,12055345,34.80 ,printing of stickers and labels solopress,Misc Publishing & Printing (2741)
June,Southend-on-Sea Borough Council,http://opendatacommunities.org/id/unitary-authority/southend,People,Adult Social Care,1321,Solopress.Com V/terminal,12/06/2017,12055345,223.00 ,leaflet printing solopress,Misc Publishing & Printing (2741)
June,Southend-on-Sea Borough Council,http://opendatacommunities.org/id/unitary-authority/southend,Place,Cultural And Related Services,7111,Www.Sign-Holders.Co.Uk,12/06/2017,12055345,32.76 ,Map holder for REDACTED PERSONAL DATA,Misc Speciality Retail (5999)
June,Southend-on-Sea Borough Council,http://opendatacommunities.org/id/unitary-authority/southend,Place,Central Services to the Public,7110,Trainline,12/06/2017,12055345,41.00 ,Train ticket for REDACTED PERSONAL DATA on 13th June 2017.,Passenger Railways (4112)
June,Southend-on-Sea Borough Council,http://opendatacommunities.org/id/unitary-authority/southend,People,Central Services to the Public,1025,C2c - Shoeburyness,12/06/2017,12055345,26.70 ,travel to London,Passenger Railways (4112)
June,Southend-on-Sea Borough Council,http://opendatacommunities.org/id/unitary-authority/southend,Place,Cultural And Related Services,4010,Ikea Limited,12/06/2017,12055345,396.00 ,Materials for Gallery 2 - Maximum Overdrive,Furniture/Equip Stores (5712)
June,Southend-on-Sea Borough Council,http://opendatacommunities.org/id/unitary-authority/southend,People,Adult Social Care,1321,Amz*beauty House-Uk,12/06/2017,12055345,-37.98 ,Credit Voucher Amz*beauty House-Uk,Misc Speciality Retail (5999)
June,Southend-on-Sea Borough Council,http://opendatacommunities.org/id/unitary-authority/southend,Public Health,Public Health,-,Eb *essex Business Wom,12/06/2017,12055345,20.00 ,REDACTED PERSONAL DATA - attendance at conference,Business Services - Default (7399)
June,Southend-on-Sea Borough Council,http://opendatacommunities.org/id/unitary-authority/southend,Place,Cultural And Related Services,4115,Southend Angling C,12/06/2017,12055345,49.98 ,Nets and poles for cleaning weed from 3 shells Lagoon.,Sporting Goods Stores (5941)
June,Southend-on-Sea Borough Council,http://opendatacommunities.org/id/unitary-authority/southend,Place,Cultural And Related Services,4015,Companies House,12/06/2017,12055345,13.00 ,Annual Return for Southend Museums Development Foundation,Govt Serv - Default (9399)
June,Southend-on-Sea Borough Council,http://opendatacommunities.org/id/unitary-authority/southend,Place,Cultural And Related Services,7015,Amazon UK Marketplace,12/06/2017,12055345,16.98 ,Proster Anemometer Digital LCD Wind Speed Meter Gauge Air Flow Velocity Measurement Thermometer with *,Book Stores (5942)
June,Southend-on-Sea Borough Council,http://opendatacommunities.org/id/unitary-authority/southend,Place,Environmental And Regulatory Services,4525,C2c - Leigh On Sea,12/06/2017,12055345,21.90 ,Attendance at MOPAC meeting (London Bridge) re County Lines ( London / Essex impact) 12th June,Passenger Railways (4112)
June,Southend-on-Sea Borough Council,http://opendatacommunities.org/id/unitary-authority/southend,People,Children And Education Services,3471,Asda Superstore,12/06/2017,12055345,25.12 ,Groceries for Shoebury Cafe,Grocery Stores/Supermarkets (5411)
June,Southend-on-Sea Borough Council,http://opendatacommunities.org/id/unitary-authority/southend,People,Children And Education Services,3471,Asda Superstore,12/06/2017,12055345,3.75 ,Groceries for Shoebury Cafe,Grocery Stores/Supermarkets (5411)
June,Southend-on-Sea Borough Council,http://opendatacommunities.org/id/unitary-authority/southend,People,Children And Education Services,3471,Booker Limited Southend O,12/06/2017,12055345,34.78 ,Groceries for Shoebury Cafe,Caterers (5811)
June,Southend-on-Sea Borough Council,http://opendatacommunities.org/id/unitary-authority/southend,People,Children And Education Services,3471,Booker Limited Southend O,12/06/2017,12055345,249.05 ,Groceries for Shoebury Cafe,Caterers (5811)
June,Southend-on-Sea Borough Council,http://opendatacommunities.org/id/unitary-authority/southend,Place,Cultural And Related Services,4256,Currys Online,13/06/2017,12055345,143.99 ,Freezer for Forum staff room.,Electronics Sales (5732)
June,Southend-on-Sea Borough Council,http://opendatacommunities.org/id/unitary-authority/southend,Department of the Chief Executive,Central Services to the Public,7096,C2c - Benfleet,13/06/2017,12055345,25.50 ,Train fare to London to attend meeting,Passenger Railways (4112)
June,Southend-on-Sea Borough Council,http://opendatacommunities.org/id/unitary-authority/southend,People,Adult Social Care,1090,Asda Home Shopping,13/06/2017,12055345,243.29 ,Weekly shop,Grocery Stores/Supermarkets (5411)
June,Southend-on-Sea Borough Council,http://opendatacommunities.org/id/unitary-authority/southend,People,Central Services to the Public,1025,Upt- Grays Shopping Cent,13/06/2017,12055345,1.50 ,parking,Professional Services - Def (8999)
June,Southend-on-Sea Borough Council,http://opendatacommunities.org/id/unitary-authority/southend,Place,Environmental And Regulatory Services,4545,Www.Stanstedairport.Co,13/06/2017,12055345,64.00 ,Parking at Stansted Airport for REDACTED PERSONAL DATA,"Parking Lots, Meters, Garages (7523)"
June,Southend-on-Sea Borough Council,http://opendatacommunities.org/id/unitary-authority/southend,People,Central Services to the Public,1015,123-Reg.Co.Uk,13/06/2017,12055345,32.27 ,Website domain for Youth Council website purchased by Youth Mayor,Computer Network/Info Svcs (4816)
June,Southend-on-Sea Borough Council,http://opendatacommunities.org/id/unitary-authority/southend,People,Central Services to the Public,1015,Trainline,13/06/2017,12055345,124.95 ,Two train tickets for Youth Mayor and SBC staff to attend national Youth Council annual sitting in L *,Passenger Railways (4112)
June,Southend-on-Sea Borough Council,http://opendatacommunities.org/id/unitary-authority/southend,People,Central Services to the Public,1455,Malvern Lodge,13/06/2017,12055345,35.00 ,B&B for REDACTED PERSONAL DATA (service user) in Malvern B&B.,Lodging/Hotels/Motels/Resorts (7011)
June,Southend-on-Sea Borough Council,http://opendatacommunities.org/id/unitary-authority/southend,People,Children And Education Services,3690,Hmcts-Essex061,13/06/2017,12055345,15.00 ,Payment of Court fine for Looked After Child (REDACTED PERSONAL DATA) There was no other way to pay the fine and no VAT *,Fines (9222)
June,Southend-on-Sea Borough Council,http://opendatacommunities.org/id/unitary-authority/southend,Department of the Chief Executive,Central Services to the Public,2005,C2c Atos Webtis,13/06/2017,12055345,25.50 ,"Rail travel - REDACTED PERSONAL DATA, Electoral Registration.",Passenger Railways (4112)
June,Southend-on-Sea Borough Council,http://opendatacommunities.org/id/unitary-authority/southend,Place,Central Services to the Public,2135,Greater Anglia T/o,13/06/2017,12055345,57.80 ,travel tickets,Passenger Railways (4112)
June,Southend-on-Sea Borough Council,http://opendatacommunities.org/id/unitary-authority/southend,Department of the Chief Executive,Central Services to the Public,7130,Trainline,13/06/2017,12055345,15.55 ,Train tickets to Essex Online Partnership Meeting,Passenger Railways (4112)
June,Southend-on-Sea Borough Council,http://opendatacommunities.org/id/unitary-authority/southend,People,Central Services to the Public,1025,Orsett South Sf Connect,13/06/2017,12055345,41.74 ,subsistence,Service Stations (5541)
June,Southend-on-Sea Borough Council,http://opendatacommunities.org/id/unitary-authority/southend,Place,Cultural And Related Services,4270,Www.Argos.Co.Uk,13/06/2017,12055345,119.99 ,Fridge,Discount Stores (5310)
June,Southend-on-Sea Borough Council,http://opendatacommunities.org/id/unitary-authority/southend,Place,Cultural And Related Services,4270,Www.Argos.Co.Uk,13/06/2017,12055345,8.95 ,Fridge,Discount Stores (5310)
June,Southend-on-Sea Borough Council,http://opendatacommunities.org/id/unitary-authority/southend,Place,Central Services to the Public,7110,Riba Enterprises Ltd,14/06/2017,12055345,80.00 ,ACE Contract for Pier Structural Engineer,Book Stores (5942)
June,Southend-on-Sea Borough Council,http://opendatacommunities.org/id/unitary-authority/southend,Department of the Chief Executive,Central Services to the Public,2210,Currys,14/06/2017,12055345,29.99 ,Conference call phone speaker for emergency incident room,Electronics Sales (5732)
June,Southend-on-Sea Borough Council,http://opendatacommunities.org/id/unitary-authority/southend,Place,Cultural And Related Services,4055,C2c - S/end Ctl Sst,14/06/2017,12055345,16.60 ,Train travel to London for meeting,Passenger Railways (4112)
June,Southend-on-Sea Borough Council,http://opendatacommunities.org/id/unitary-authority/southend,Place,Central Services to the Public,7540,Office Outlet,14/06/2017,12055345,23.94 ,BOTTLED WATER FOR STAFF IN HEATWAVE,Stationery Stores (5943)
June,Southend-on-Sea Borough Council,http://opendatacommunities.org/id/unitary-authority/southend,Department of the Chief Executive,Central Services to the Public,7130,Amazon UK Marketplace,14/06/2017,12055345,19.96 ,"F0243850: Apple 5W UK USB charger for new Chief Executive, REDACTED PERSONAL DATA",Misc Speciality Retail (5999)
June,Southend-on-Sea Borough Council,http://opendatacommunities.org/id/unitary-authority/southend,Department of the Chief Executive,Central Services to the Public,2036,Southend College Car P,14/06/2017,12055345,4.20 ,car park,"Parking Lots, Meters, Garages (7523)"
June,Southend-on-Sea Borough Council,http://opendatacommunities.org/id/unitary-authority/southend,Place,Central Services to the Public,7540,Izod & Burnip Ltd,14/06/2017,12055345,20.80 ,"X2 Electric plugs, 6 metres 2.5 cable, 6 metres 15 AMP",Hardware Stores (5251)
June,Southend-on-Sea Borough Council,http://opendatacommunities.org/id/unitary-authority/southend,Place,Central Services to the Public,7540,Screwfix Direct Lt,14/06/2017,12055345,23.98 ,X1 Blackfriar professional anti climb paint,Lumber/Build. Supply Stores (5211)
June,Southend-on-Sea Borough Council,http://opendatacommunities.org/id/unitary-authority/southend,Place,Cultural And Related Services,4120,Trade Counter,14/06/2017,12055345,41.98 ,New fans for Walkway kiosk.,Household Appliance Stores (5722)
June,Southend-on-Sea Borough Council,http://opendatacommunities.org/id/unitary-authority/southend,Place,Cultural And Related Services,7015,Booker Limited Southend O,14/06/2017,12055345,71.72 ,Supplies for Poppies Welfare Unit,Caterers (5811)
June,Southend-on-Sea Borough Council,http://opendatacommunities.org/id/unitary-authority/southend,Place,Cultural And Related Services,4010,The Railway Hotel,14/06/2017,12055345,28.40 ,Refreshment for auditions - REDACTED PERSONAL DATA,Eating Places/Restaurants (5812)
June,Southend-on-Sea Borough Council,http://opendatacommunities.org/id/unitary-authority/southend,People,Adult Social Care,1085,Asda Home Shopping,15/06/2017,12055345,-11.00 ,Credit Voucher Asda Home Shopping,Grocery Stores/Supermarkets (5411)
June,Southend-on-Sea Borough Council,http://opendatacommunities.org/id/unitary-authority/southend,People,Adult Social Care,1085,Asda Home Shopping,15/06/2017,12055345,273.02 ,Delaware's weekly shop,Grocery Stores/Supermarkets (5411)
June,Southend-on-Sea Borough Council,http://opendatacommunities.org/id/unitary-authority/southend,Department of the Chief Executive,Central Services to the Public,2074,Gidea Park Ticket Offi,15/06/2017,12055345,39.30 ,15/06/17 - REDACTED PERSONAL DATA - East of England Finance Summit (Cambridge). Return train to/from Cambri *,Passenger Railways (4112)
June,Southend-on-Sea Borough Council,http://opendatacommunities.org/id/unitary-authority/southend,Place,Cultural And Related Services,4010,The Lemon Witch Kitchen,15/06/2017,12055345,20.20 ,Lunch with artist - REDACTED PERSONAL DATA,Eating Places/Restaurants (5812)
June,Southend-on-Sea Borough Council,http://opendatacommunities.org/id/unitary-authority/southend,Department of the Chief Executive,Central Services to the Public,7105,County Court,15/06/2017,12055345,"13,115.00 ","Chelmsford County Court - Credit Card Ref: 024871, 15th June 2017",Fines (9222)
June,Southend-on-Sea Borough Council,http://opendatacommunities.org/id/unitary-authority/southend,Department of the Chief Executive,Central Services to the Public,2045,C2c - Leigh On Sea,15/06/2017,12055345,16.30 ,Travel to PDP training event,Passenger Railways (4112)
June,Southend-on-Sea Borough Council,http://opendatacommunities.org/id/unitary-authority/southend,Place,Cultural And Related Services,4120,Trade Counter,15/06/2017,12055345,5.98 ,Brackets for fixing listening bench to deck.,Household Appliance Stores (5722)
June,Southend-on-Sea Borough Council,http://opendatacommunities.org/id/unitary-authority/southend,People,Central Services to the Public,1025,Crosswinds Chauffeur S,15/06/2017,12055345,236.90 ,"travel to awards ceremony, London, and back x 3 people",Taxicabs/Limousines (4121)
June,Southend-on-Sea Borough Council,http://opendatacommunities.org/id/unitary-authority/southend,Place,Cultural And Related Services,7015,Amz*kamtop,15/06/2017,12055345,-16.98 ,Credit Voucher Amz*kamtop - refund for equipment received and not working,Misc Speciality Retail (5999)
June,Southend-on-Sea Borough Council,http://opendatacommunities.org/id/unitary-authority/southend,Place,Cultural And Related Services,7505,Stanton Hope,15/06/2017,12055345,192.00 ,"Arboriculture clothing, protective chainsaw trousers.",Hardware Equipment/Supplies (5072)
June,Southend-on-Sea Borough Council,http://opendatacommunities.org/id/unitary-authority/southend,People,Adult Social Care,1090,Www.Argos.Co.Uk,15/06/2017,12055345,183.93 ,2 x TVs,Discount Stores (5310)
June,Southend-on-Sea Borough Council,http://opendatacommunities.org/id/unitary-authority/southend,People,Central Services to the Public,1025,Hilton,15/06/2017,12055345,51.75 ,hospitality,Hilton (3504)
June,Southend-on-Sea Borough Council,http://opendatacommunities.org/id/unitary-authority/southend,Place,Cultural And Related Services,4015,Www.Safetygloves.Co.Uk,16/06/2017,12055345,48.71 ,Laboratory gloves for projects/volunteers/conservation work,Misc Speciality Retail (5999)
June,Southend-on-Sea Borough Council,http://opendatacommunities.org/id/unitary-authority/southend,Department of the Chief Executive,Central Services to the Public,7130,Amz*dragontouch_direct,16/06/2017,12055345,-66.98 ,Credit Voucher Amz*dragontouch_direct. Refund for Wireless IP cameras that were returned as being un *,Misc Speciality Retail (5999)
June,Southend-on-Sea Borough Council,http://opendatacommunities.org/id/unitary-authority/southend,People,Adult Social Care,1090,Asda Home Shopping,16/06/2017,12055345,56.27 ,Bread & milk,Grocery Stores/Supermarkets (5411)
June,Southend-on-Sea Borough Council,http://opendatacommunities.org/id/unitary-authority/southend,People,Adult Social Care,1321,Amazon.Co.Uk,16/06/2017,12055345,95.96 ,whiteboard,Misc Speciality Retail (5999)
June,Southend-on-Sea Borough Council,http://opendatacommunities.org/id/unitary-authority/southend,Place,Cultural And Related Services,4120,Bp London Rd Connect,16/06/2017,12055345,12.68 ,Petrol for Pier buggy.,Service Stations (5541)
June,Southend-on-Sea Borough Council,http://opendatacommunities.org/id/unitary-authority/southend,People,Adult Social Care,1321,Amazon UK Marketplace,17/06/2017,12055345,27.98 ,first aid kit refills,Misc Speciality Retail (5999)
June,Southend-on-Sea Borough Council,http://opendatacommunities.org/id/unitary-authority/southend,Place,Cultural And Related Services,4055,Itunes.Com/Bill,17/06/2017,12055345,2.99 ,App for workshop,Record Shops (5735)
June,Southend-on-Sea Borough Council,http://opendatacommunities.org/id/unitary-authority/southend,Department of the Chief Executive,Central Services to the Public,7165,Rics Com Gbp Cybs,19/06/2017,12055345,"1,242.00 ",RICS Isurv licence renewal,Member Organizations - Def (8699)
June,Southend-on-Sea Borough Council,http://opendatacommunities.org/id/unitary-authority/southend,Department of the Chief Executive,Central Services to the Public,7175,Amazon.Co.Uk,19/06/2017,12055345,31.00 ,1 PAIR SAFETY BOOTS,Misc Speciality Retail (5999)
June,Southend-on-Sea Borough Council,http://opendatacommunities.org/id/unitary-authority/southend,Department of the Chief Executive,Central Services to the Public,7175,Screwfix Direct,19/06/2017,12055345,42.99 ,1 pair Dewalt Bolster safety boots size 11,Lumber/Build. Supply Stores (5211)
June,Southend-on-Sea Borough Council,http://opendatacommunities.org/id/unitary-authority/southend,Department of the Chief Executive,Central Services to the Public,7175,Dvla Vehicle Tax,19/06/2017,12055345,167.50 ,DVLA VEHICLE TAX,Govt Serv - Default (9399)
June,Southend-on-Sea Borough Council,http://opendatacommunities.org/id/unitary-authority/southend,Department of the Chief Executive,Central Services to the Public,7175,Dvla Vehicle Tax,19/06/2017,12055345,242.50 ,DVLA VEHICLE TAX,Govt Serv - Default (9399)
June,Southend-on-Sea Borough Council,http://opendatacommunities.org/id/unitary-authority/southend,Department of the Chief Executive,Central Services to the Public,7175,Dvla Vehicle Tax,19/06/2017,12055345,242.50 ,DVLA Vehicle tax,Govt Serv - Default (9399)
June,Southend-on-Sea Borough Council,http://opendatacommunities.org/id/unitary-authority/southend,Department of the Chief Executive,Central Services to the Public,7175,Dvla Vehicle Tax,19/06/2017,12055345,242.50 ,DVLA VEHICLE TAX,Govt Serv - Default (9399)
June,Southend-on-Sea Borough Council,http://opendatacommunities.org/id/unitary-authority/southend,Department of the Chief Executive,Central Services to the Public,7175,Dvla Vehicle Tax,19/06/2017,12055345,242.50 ,DVLA VEHICLE TAX,Govt Serv - Default (9399)
June,Southend-on-Sea Borough Council,http://opendatacommunities.org/id/unitary-authority/southend,Department of the Chief Executive,Central Services to the Public,7175,Dvla Vehicle Tax,19/06/2017,12055345,242.50 ,DVLA VEHICLE TAX,Govt Serv - Default (9399)
June,Southend-on-Sea Borough Council,http://opendatacommunities.org/id/unitary-authority/southend,Department of the Chief Executive,Central Services to the Public,7175,Dvla Vehicle Tax,19/06/2017,12055345,242.50 ,DVLA VEHICLE TAX,Govt Serv - Default (9399)
June,Southend-on-Sea Borough Council,http://opendatacommunities.org/id/unitary-authority/southend,Department of the Chief Executive,Central Services to the Public,7175,Dvla Vehicle Tax,19/06/2017,12055345,242.50 ,DVLA VEHICLE TAX,Govt Serv - Default (9399)
June,Southend-on-Sea Borough Council,http://opendatacommunities.org/id/unitary-authority/southend,Department of the Chief Executive,Central Services to the Public,7175,Dvla Vehicle Tax,19/06/2017,12055345,242.50 ,DVLA VEHICLE TAX,Govt Serv - Default (9399)
June,Southend-on-Sea Borough Council,http://opendatacommunities.org/id/unitary-authority/southend,Department of the Chief Executive,Central Services to the Public,7175,Dvla Vehicle Tax,19/06/2017,12055345,242.50 ,DVLA Vehicle Tax,Govt Serv - Default (9399)
June,Southend-on-Sea Borough Council,http://opendatacommunities.org/id/unitary-authority/southend,People,Central Services to the Public,1025,C2c - Shoeburyness,19/06/2017,12055345,26.70 ,travel to London,Passenger Railways (4112)
June,Southend-on-Sea Borough Council,http://opendatacommunities.org/id/unitary-authority/southend,People,Adult Social Care,1321,Amazon.Co.Uk,19/06/2017,12055345,15.89 ,magnetic whiteboard,Misc Speciality Retail (5999)
June,Southend-on-Sea Borough Council,http://opendatacommunities.org/id/unitary-authority/southend,People,Adult Social Care,1321,Amazon UK Marketplace,19/06/2017,12055345,16.48 ,whiteboard,Misc Speciality Retail (5999)
June,Southend-on-Sea Borough Council,http://opendatacommunities.org/id/unitary-authority/southend,Department of the Chief Executive,Central Services to the Public,2176,Hmcts-Essex061,19/06/2017,12055345,417.00 ,NDR summonses 12 July 2017,Fines (9222)
June,Southend-on-Sea Borough Council,http://opendatacommunities.org/id/unitary-authority/southend,Department of the Chief Executive,Central Services to the Public,2156,Hmcts-Essex061,19/06/2017,12055345,735.00 ,3 Council Tax Committal cases,Fines (9222)
June,Southend-on-Sea Borough Council,http://opendatacommunities.org/id/unitary-authority/southend,Department of the Chief Executive,Central Services to the Public,2156,Hmcts-Essex061,19/06/2017,12055345,"3,849.00 ",Council Tax Summonses 12th July 2017,Fines (9222)
June,Southend-on-Sea Borough Council,http://opendatacommunities.org/id/unitary-authority/southend,Public Health,Public Health,-,Trainline,19/06/2017,12055345,64.46 ,REDACTED PERSONAL DATA travel from Manningtree to Cambridge and return. Knowledge & Information team briefing,Passenger Railways (4112)
June,Southend-on-Sea Borough Council,http://opendatacommunities.org/id/unitary-authority/southend,Place,Central Services to the Public,7540,Office Outlet,19/06/2017,12055345,31.92 ,BOTTLED WATER FOR STAFF IN HEATWAVE,Stationery Stores (5943)
June,Southend-on-Sea Borough Council,http://opendatacommunities.org/id/unitary-authority/southend,Place,Environmental And Regulatory Services,4525,Currys,19/06/2017,12055345,29.98 ,HDMI and VGA leads required for Surface Pro 3 laptop - to enable connection to screen for presentati *,Electronics Sales (5732)
June,Southend-on-Sea Borough Council,http://opendatacommunities.org/id/unitary-authority/southend,People,Children And Education Services,3471,Asda Superstore,19/06/2017,12055345,13.97 ,Groceries for Shoebury cafe,Grocery Stores/Supermarkets (5411)
June,Southend-on-Sea Borough Council,http://opendatacommunities.org/id/unitary-authority/southend,Place,Cultural And Related Services,7505,Costco.Co.Uk,18/06/2017,12055345,289.99 ,pallet of water for staff during hot spell,Wholesale Clubs (5300)
June,Southend-on-Sea Borough Council,http://opendatacommunities.org/id/unitary-authority/southend,Department of the Chief Executive,Central Services to the Public,7120,B&m Retail Ltd,20/06/2017,12055345,12.99 ,staff kitchen kettle,Discount Stores (5310)
June,Southend-on-Sea Borough Council,http://opendatacommunities.org/id/unitary-authority/southend,Department of the Chief Executive,Central Services to the Public,7120,Booker Limited Southend O,20/06/2017,12055345,25.04 ,"bowls for promo items, mints etc for external events",Caterers (5811)
June,Southend-on-Sea Borough Council,http://opendatacommunities.org/id/unitary-authority/southend,People,Adult Social Care,1321,Amazon.Co.Uk,20/06/2017,12055345,15.00 ,gold and silver musical bells,Misc Speciality Retail (5999)
June,Southend-on-Sea Borough Council,http://opendatacommunities.org/id/unitary-authority/southend,People,Adult Social Care,1090,Asda Home Shopping,20/06/2017,12055345,267.32 ,Weekly shop,Grocery Stores/Supermarkets (5411)
June,Southend-on-Sea Borough Council,http://opendatacommunities.org/id/unitary-authority/southend,Place,Cultural And Related Services,4055,Ryman,20/06/2017,12055345,15.98 ,Workshop materials,Stationery Stores (5943)
June,Southend-on-Sea Borough Council,http://opendatacommunities.org/id/unitary-authority/southend,People,Adult Social Care,1321,B & Q 1372,20/06/2017,12055345,94.00 ,desk and tower fans from b & q,Lumber/Build. Supply Stores (5211)
June,Southend-on-Sea Borough Council,http://opendatacommunities.org/id/unitary-authority/southend,People,Housing Services,6046,St Anns,20/06/2017,12055345,24.64 ,Materials for Handyman Job - St Anns,Lumber/Build. Supply Stores (5211)
June,Southend-on-Sea Borough Council,http://opendatacommunities.org/id/unitary-authority/southend,Department of the Chief Executive,Central Services to the Public,2005,C2c Atos Webtis,20/06/2017,12055345,25.50 ,"Rail travel for REDACTED PERSONAL DATA, Electoral Registration.",Passenger Railways (4112)
June,Southend-on-Sea Borough Council,http://opendatacommunities.org/id/unitary-authority/southend,Place,Cultural And Related Services,7015,Amazon UK Marketplace,20/06/2017,12055345,18.94 ,Re-purchase of Proster Anemometer Digital LCD Wind Speed Meter Gauge Air Flow Velocity Measurement T *,Misc Speciality Retail (5999)
June,Southend-on-Sea Borough Council,http://opendatacommunities.org/id/unitary-authority/southend,Place,Cultural And Related Services,7015,Pure Fashions,20/06/2017,12055345,175.00 ,Poppies merchanidse - scarves,Womens Ready To Wear Stores (5621)
June,Southend-on-Sea Borough Council,http://opendatacommunities.org/id/unitary-authority/southend,Place,Highways And Transport Services,5015,Amazon.Co.Uk,20/06/2017,12055345,27.97 ,Charging adaptors for EUTRACE project,Misc Speciality Retail (5999)
June,Southend-on-Sea Borough Council,http://opendatacommunities.org/id/unitary-authority/southend,Place,Cultural And Related Services,4256,Wilko Retail Limit,21/06/2017,12055345,5.00 ,Colouring pencils for Colour me Calm sessions starting 4/7/17,Household Appliance Stores (5722)
June,Southend-on-Sea Borough Council,http://opendatacommunities.org/id/unitary-authority/southend,People,Housing Services,6045,Www.Interchangecomms.C,21/06/2017,12055345,948.00 ,CIH Manchester,Professional Services - Def (8999)
June,Southend-on-Sea Borough Council,http://opendatacommunities.org/id/unitary-authority/southend,Place,Central Services to the Public,7110,Trainline,21/06/2017,12055345,50.29 ,Train Fares for REDACTED PERSONAL DATA and REDACTED PERSONAL DATA for a Fire Seminar in London,Passenger Railways (4112)
June,Southend-on-Sea Borough Council,http://opendatacommunities.org/id/unitary-authority/southend,Place,Cultural And Related Services,4015,Makro Self Service Raylei,21/06/2017,12055345,117.30 ,Lines 1 & 3: Drinks & snacks to support the coffee offer at Prittlewell Priory.Line 2: Water to sup *,Wholesale Clubs (5300)
June,Southend-on-Sea Borough Council,http://opendatacommunities.org/id/unitary-authority/southend,Place,Cultural And Related Services,4256,Makro Self Service Raylei,21/06/2017,12055345,5.74 ,Lines 1 & 3: Drinks & snacks to support the coffee offer at Prittlewell Priory.Line 2: Water to sup *,Wholesale Clubs (5300)
June,Southend-on-Sea Borough Council,http://opendatacommunities.org/id/unitary-authority/southend,Place,Cultural And Related Services,4015,Makro Self Service Raylei,21/06/2017,12055345,58.97 ,Lines 1 & 3: Drinks & snacks to support the coffee offer at Prittlewell Priory.Line 2: Water to sup *,Wholesale Clubs (5300)
June,Southend-on-Sea Borough Council,http://opendatacommunities.org/id/unitary-authority/southend,Department of the Chief Executive,Central Services to the Public,2074,Trainline,21/06/2017,12055345,93.33 ,12/7 - REDACTED PERSONAL DATA - CIPFA Conference 12/7 - 14/7. Euston to Manchester,Passenger Railways (4112)
June,Southend-on-Sea Borough Council,http://opendatacommunities.org/id/unitary-authority/southend,People,Central Services to the Public,1025,M6 Toll,21/06/2017,12055345,5.50 ,toll,Toll And Bridge Fees (4784)
June,Southend-on-Sea Borough Council,http://opendatacommunities.org/id/unitary-authority/southend,Place,Cultural And Related Services,4055,The Works,21/06/2017,12055345,5.00 ,materials for workshops,Discount Stores (5310)
June,Southend-on-Sea Borough Council,http://opendatacommunities.org/id/unitary-authority/southend,Place,Cultural And Related Services,4055,Ryman,21/06/2017,12055345,16.10 ,Workshop materials,Stationery Stores (5943)
June,Southend-on-Sea Borough Council,http://opendatacommunities.org/id/unitary-authority/southend,Place,Cultural And Related Services,4055,C2c - S/end Ctl Sst,21/06/2017,12055345,23.40 ,On peak train run to London - meeting,Passenger Railways (4112)
June,Southend-on-Sea Borough Council,http://opendatacommunities.org/id/unitary-authority/southend,Department of the Chief Executive,Central Services to the Public,2045,Vistapr*vistaprint.Com,21/06/2017,12055345,36.87 ,Visitor catering equipment,Misc Publishing & Printing (2741)
June,Southend-on-Sea Borough Council,http://opendatacommunities.org/id/unitary-authority/southend,Department of the Chief Executive,Central Services to the Public,2156,Greater Anglia T/o,21/06/2017,12055345,38.70 ,REDACTED PERSONAL DATA train fare IRRV Forum,Passenger Railways (4112)
June,Southend-on-Sea Borough Council,http://opendatacommunities.org/id/unitary-authority/southend,Department of the Chief Executive,Central Services to the Public,7130,Amazon UK Marketplace,21/06/2017,12055345,4.48 ,F0246176: Case for REDACTED PERSONAL DATA Samsung Galaxy J5 (2016) mobile phone.,Misc Speciality Retail (5999)
June,Southend-on-Sea Borough Council,http://opendatacommunities.org/id/unitary-authority/southend,Department of the Chief Executive,Central Services to the Public,2036,Southend Borough C,21/06/2017,12055345,12.00 ,Pier Train,Mgmt/Consult/Public Rel Ser (7392)
June,Southend-on-Sea Borough Council,http://opendatacommunities.org/id/unitary-authority/southend,Place,Highways And Transport Services,5015,C2c - Leigh On Sea,21/06/2017,12055345,25.50 ,SELEP programme consideration meeting - London - return rail fare,Passenger Railways (4112)
June,Southend-on-Sea Borough Council,http://opendatacommunities.org/id/unitary-authority/southend,Place,Environmental And Regulatory Services,4525,C2c - Leigh On Sea,21/06/2017,12055345,25.50 ,Attendance at Home Office Gangs / County Line Workshop (keynote presentation provided - Op Stonegate *,Passenger Railways (4112)
June,Southend-on-Sea Borough Council,http://opendatacommunities.org/id/unitary-authority/southend,People,Adult Social Care,1342,Nandos Trafford Centre,21/06/2017,12055345,21.50 ,Dinner for 2 whilst attending Excellence in Local Government event,Eating Places/Restaurants (5812)
June,Southend-on-Sea Borough Council,http://opendatacommunities.org/id/unitary-authority/southend,People,Adult Social Care,1506,C2c - Southend East,22/06/2017,12055345,26.20 ,Travel to meeting in London,Passenger Railways (4112)
June,Southend-on-Sea Borough Council,http://opendatacommunities.org/id/unitary-authority/southend,People,Adult Social Care,1090,Asda Home Shopping,22/06/2017,12055345,-2.00 ,Credit Voucher Asda Home Shopping,Grocery Stores/Supermarkets (5411)
June,Southend-on-Sea Borough Council,http://opendatacommunities.org/id/unitary-authority/southend,People,Adult Social Care,1085,Asda Home Shopping,22/06/2017,12055345,299.47 ,Delaware's weekly shop,Grocery Stores/Supermarkets (5411)
June,Southend-on-Sea Borough Council,http://opendatacommunities.org/id/unitary-authority/southend,People,Central Services to the Public,1025,M6 Toll,22/06/2017,12055345,5.50 ,toll,Toll And Bridge Fees (4784)
June,Southend-on-Sea Borough Council,http://opendatacommunities.org/id/unitary-authority/southend,Department of the Chief Executive,Central Services to the Public,2045,National Car Parks,22/06/2017,12055345,6.60 ,Car parking for funding workshop in London,"Parking Lots, Meters, Garages (7523)"
June,Southend-on-Sea Borough Council,http://opendatacommunities.org/id/unitary-authority/southend,Department of the Chief Executive,Central Services to the Public,2045,London Taxi Journe,22/06/2017,12055345,17.38 ,travel costs removed,Taxicabs/Limousines (4121)
June,Southend-on-Sea Borough Council,http://opendatacommunities.org/id/unitary-authority/southend,Department of the Chief Executive,Central Services to the Public,2047,Greater Anglia T/o,22/06/2017,12055345,38.70 ,Travel to London for funding workshop,Passenger Railways (4112)
June,Southend-on-Sea Borough Council,http://opendatacommunities.org/id/unitary-authority/southend,Department of the Chief Executive,Central Services to the Public,2045,Act Now Training,22/06/2017,12055345,518.40 ,Introductory FOI Training in London,Mgmt/Consult/Public Rel Ser (7392)
June,Southend-on-Sea Borough Council,http://opendatacommunities.org/id/unitary-authority/southend,Place,Central Services to the Public,7540,Currys,22/06/2017,12055345,109.99 ,Fridge for landscape mess room as previous one failed in heatwave.,Electronics Sales (5732)
June,Southend-on-Sea Borough Council,http://opendatacommunities.org/id/unitary-authority/southend,People,Adult Social Care,1209,Pcs*elite Logistics A,22/06/2017,12055345,72.00 ,Express Curing of replacement handset for Riser recliner. To prevent Service User having to go in to *,Courier Services (4215)
June,Southend-on-Sea Borough Council,http://opendatacommunities.org/id/unitary-authority/southend,Place,Cultural And Related Services,7015,Poundland,22/06/2017,12055345,25.00 ,Materials for Poppies closing event,Discount Stores (5310)
June,Southend-on-Sea Borough Council,http://opendatacommunities.org/id/unitary-authority/southend,Place,Cultural And Related Services,7015,Wilko Retail Limit,22/06/2017,12055345,25.00 ,Materials for Poppies closing event,Household Appliance Stores (5722)
June,Southend-on-Sea Borough Council,http://opendatacommunities.org/id/unitary-authority/southend,People,Central Services to the Public,1025,Ncp Limited,22/06/2017,12055345,7.00 ,parking,"Parking Lots, Meters, Garages (7523)"
June,Southend-on-Sea Borough Council,http://opendatacommunities.org/id/unitary-authority/southend,Department of the Chief Executive,Central Services to the Public,2047,Www.Addisonlee.Com,22/06/2017,12055345,12.90 ,Travel from funding workshop (REDACTED PERSONAL DATA foot injury),Taxicabs/Limousines (4121)
June,Southend-on-Sea Borough Council,http://opendatacommunities.org/id/unitary-authority/southend,Department of the Chief Executive,Central Services to the Public,2045,London Taxi Journe,22/06/2017,12055345,-17.38 ,Credit Voucher London Taxi Journe,Taxicabs/Limousines (4121)
June,Southend-on-Sea Borough Council,http://opendatacommunities.org/id/unitary-authority/southend,Department of the Chief Executive,Central Services to the Public,2047,Heathrow Taxi Services Li,22/06/2017,12055345,18.00 ,Travel to funding workshop (REDACTED PERSONAL DATA foot injury),Taxicabs/Limousines (4121)
June,Southend-on-Sea Borough Council,http://opendatacommunities.org/id/unitary-authority/southend,Department of the Chief Executive,Central Services to the Public,7096,Amazon UK Marketplace,23/06/2017,12055345,80.12 ,2 x natural spring water (4 x 35 x 500ml) (140 bottles) supply passenger transport drivers following *,Misc Speciality Retail (5999)
June,Southend-on-Sea Borough Council,http://opendatacommunities.org/id/unitary-authority/southend,People,Adult Social Care,1090,Asda Home Shopping,23/06/2017,12055345,67.76 ,Bread & milk,Grocery Stores/Supermarkets (5411)
June,Southend-on-Sea Borough Council,http://opendatacommunities.org/id/unitary-authority/southend,People,Central Services to the Public,1025,Eats,23/06/2017,12055345,5.90 ,subsistence,Eating Places/Restaurants (5812)
June,Southend-on-Sea Borough Council,http://opendatacommunities.org/id/unitary-authority/southend,Place,Cultural And Related Services,4055,Post Office Ltd,23/06/2017,12055345,2.40 ,Postage of #69 and #62 to Tate Archive,Postage Stamps (9402)
June,Southend-on-Sea Borough Council,http://opendatacommunities.org/id/unitary-authority/southend,Place,Cultural And Related Services,4280,Izod & Burnip Ltd,23/06/2017,12055345,9.70 ,fixings and drill bits for shelf's and key safes.,Hardware Stores (5251)
June,Southend-on-Sea Borough Council,http://opendatacommunities.org/id/unitary-authority/southend,Place,Cultural And Related Services,4255,Brights Locksmiths Ltd,23/06/2017,12055345,34.80 ,emergency needed front door keys to a few libraries I did not have.,Spec Contractors - Default (1799)
June,Southend-on-Sea Borough Council,http://opendatacommunities.org/id/unitary-authority/southend,People,Central Services to the Public,1025,Trainline,23/06/2017,12055345,99.65 ,travel to conference Manchester,Passenger Railways (4112)
June,Southend-on-Sea Borough Council,http://opendatacommunities.org/id/unitary-authority/southend,Place,Cultural And Related Services,7015,Asda Superstore,23/06/2017,12055345,26.00 ,Poppies closing event refreshments,Grocery Stores/Supermarkets (5411)
June,Southend-on-Sea Borough Council,http://opendatacommunities.org/id/unitary-authority/southend,Place,Cultural And Related Services,7015,Tesco Store 2882,23/06/2017,12055345,30.00 ,Poppies closing event - refreshments,Grocery Stores/Supermarkets (5411)
June,Southend-on-Sea Borough Council,http://opendatacommunities.org/id/unitary-authority/southend,People,Adult Social Care,1342,Amazon UK Retail Amazon.C,23/06/2017,12055345,98.77 ,d 3 text books for Transformation team learning,Misc Speciality Retail (5999)
June,Southend-on-Sea Borough Council,http://opendatacommunities.org/id/unitary-authority/southend,Department of the Chief Executive,Central Services to the Public,7130,Trainline,23/06/2017,12055345,27.49 ,Travel to Public Sector Show 27-06-17 for REDACTED PERSONAL DATA,Passenger Railways (4112)
June,Southend-on-Sea Borough Council,http://opendatacommunities.org/id/unitary-authority/southend,Department of the Chief Executive,Central Services to the Public,7096,Amazon.Co.Uk,24/06/2017,12055345,18.30 ,3 x thermos cool bag ice pack freeze (pack of 3) for passenger transport drivers,Misc Speciality Retail (5999)
June,Southend-on-Sea Borough Council,http://opendatacommunities.org/id/unitary-authority/southend,Department of the Chief Executive,Central Services to the Public,7130,Amazon UK Marketplace,24/06/2017,12055345,59.29 ,F0240089: Cases for Motorola Moto G4 Play phones that we have given out. Requested by REDACTED PERSONAL DATA,Misc Speciality Retail (5999)
June,Southend-on-Sea Borough Council,http://opendatacommunities.org/id/unitary-authority/southend,Place,Environmental And Regulatory Services,4525,Henry Higgins Fish And,24/06/2017,12055345,13.90 ,Subsistence claim for EST team re unauthorised Car Cruise and joint partnership briefing 24th June ( *,Fast Food Restaurants (5814)
June,Southend-on-Sea Borough Council,http://opendatacommunities.org/id/unitary-authority/southend,Department of the Chief Executive,Central Services to the Public,7130,Amazon UK Marketplace,25/06/2017,12055345,190.80 ,"F0246414: Remote controlled Smart Plugs, Logitech Harmony Hub, Extension sockets and cable tidy for *",Misc Speciality Retail (5999)
June,Southend-on-Sea Borough Council,http://opendatacommunities.org/id/unitary-authority/southend,Department of the Chief Executive,Central Services to the Public,7130,Amazon UK Retail,25/06/2017,12055345,10.59 ,F0246416 AA batteries for ICT use. Requested by REDACTED PERSONAL DATA,Other Direct Marketers (5969)
June,Southend-on-Sea Borough Council,http://opendatacommunities.org/id/unitary-authority/southend,Place,Cultural And Related Services,7015,Sainsburys S/Mkts,25/06/2017,12055345,9.90 ,Poppies closing event - refreshments,Grocery Stores/Supermarkets (5411)
June,Southend-on-Sea Borough Council,http://opendatacommunities.org/id/unitary-authority/southend,Place,Cultural And Related Services,7015,Asda Stores Rayleigh42,25/06/2017,12055345,35.25 ,Poppies closing event - refreshments,Grocery Stores/Supermarkets (5411)
June,Southend-on-Sea Borough Council,http://opendatacommunities.org/id/unitary-authority/southend,Department of the Chief Executive,Central Services to the Public,7096,Mobilitysma,26/06/2017,12055345,11.53 , of stick & crutch holder for member of staff returning to work and adjustment required,Professional Services - Def (8999)
June,Southend-on-Sea Borough Council,http://opendatacommunities.org/id/unitary-authority/southend,People,Adult Social Care,1506,Eb *difficult Commissi,26/06/2017,12055345,240.00 ,Kings Fund Conference 05.07.17 - registration fee,Business Services - Default (7399)
June,Southend-on-Sea Borough Council,http://opendatacommunities.org/id/unitary-authority/southend,People,Adult Social Care,1085,Asda Home Shopping,26/06/2017,12055345,68.39 ,Garden party food shop,Grocery Stores/Supermarkets (5411)
June,Southend-on-Sea Borough Council,http://opendatacommunities.org/id/unitary-authority/southend,Department of the Chief Executive,Central Services to the Public,7105,Norwich,26/06/2017,12055345,255.00 ,REDACTED PERSONAL DATA vs SBC - Application - Waiting for receipt to arrive.,Fines (9222)
June,Southend-on-Sea Borough Council,http://opendatacommunities.org/id/unitary-authority/southend,Department of the Chief Executive,Central Services to the Public,7130,Amazon UK Marketplace,26/06/2017,12055345,15.99 ,F0245897: Case for CEO's Microsoft Surface Book. Ordered by REDACTED PERSONAL DATA,Book Stores (5942)
June,Southend-on-Sea Borough Council,http://opendatacommunities.org/id/unitary-authority/southend,Place,Cultural And Related Services,7015,Argos Ltd,26/06/2017,12055345,14.69 ,Packing boxes for items in Welfare unit - Poppies,Discount Stores (5310)
June,Southend-on-Sea Borough Council,http://opendatacommunities.org/id/unitary-authority/southend,People,Children And Education Services,3471,Asda Superstore,26/06/2017,12055345,12.74 ,Groceries for Shoebury Cafe,Grocery Stores/Supermarkets (5411)
June,Southend-on-Sea Borough Council,http://opendatacommunities.org/id/unitary-authority/southend,Place,Central Services to the Public,7110,Amazon UK Marketplace,27/06/2017,12055345,24.82 ,laminator for REDACTED PERSONAL DATA,Misc Speciality Retail (5999)
June,Southend-on-Sea Borough Council,http://opendatacommunities.org/id/unitary-authority/southend,Place,Central Services to the Public,7110,Amazon UK Marketplace,27/06/2017,12055345,41.75 ,assett labels for REDACTED PERSONAL DATA,Misc Speciality Retail (5999)
June,Southend-on-Sea Borough Council,http://opendatacommunities.org/id/unitary-authority/southend,People,Housing Services,6045,M6 Toll,27/06/2017,12055345,5.50 ,M6 tOLL,Toll And Bridge Fees (4784)
June,Southend-on-Sea Borough Council,http://opendatacommunities.org/id/unitary-authority/southend,People,Housing Services,6045,Old Wellington,27/06/2017,12055345,14.60 ,cAR Park Manchester,Eating Places/Restaurants (5812)
June,Southend-on-Sea Borough Council,http://opendatacommunities.org/id/unitary-authority/southend,People,Adult Social Care,1090,Asda Home Shopping,27/06/2017,12055345,54.20 ,Bread & milk,Grocery Stores/Supermarkets (5411)
June,Southend-on-Sea Borough Council,http://opendatacommunities.org/id/unitary-authority/southend,People,Central Services to the Public,1025,Paypal,27/06/2017,12055345,10.76 ,staff summer event,Hobby/Toy/Game Stores (5945)
June,Southend-on-Sea Borough Council,http://opendatacommunities.org/id/unitary-authority/southend,People,Central Services to the Public,1025,Amazon UK Retail,27/06/2017,12055345,34.99 ,staff summer event,Other Direct Marketers (5969)
June,Southend-on-Sea Borough Council,http://opendatacommunities.org/id/unitary-authority/southend,People,Central Services to the Public,1025,Www.Partypieces.Co.Uk,27/06/2017,12055345,38.85 ,staff summer event,Other Direct Marketers (5969)
June,Southend-on-Sea Borough Council,http://opendatacommunities.org/id/unitary-authority/southend,People,Central Services to the Public,1025,Www.Partyrama.Co.Uk,27/06/2017,12055345,57.96 ,staff summer event,Misc Speciality Retail (5999)
June,Southend-on-Sea Borough Council,http://opendatacommunities.org/id/unitary-authority/southend,People,Central Services to the Public,1025,Www.Partypieces.Co.Uk,27/06/2017,12055345,76.31 ,staff summer event,Other Direct Marketers (5969)
June,Southend-on-Sea Borough Council,http://opendatacommunities.org/id/unitary-authority/southend,People,Housing Services,6046,B & Q 1372,27/06/2017,12055345,33.02 ,Materials for Handyman job,Lumber/Build. Supply Stores (5211)
June,Southend-on-Sea Borough Council,http://opendatacommunities.org/id/unitary-authority/southend,Department of the Chief Executive,Central Services to the Public,2036,Sl-Ncp-Adaptis Ecom Ga,27/06/2017,12055345,6.80 ,Car park,"Parking Lots, Meters, Garages (7523)"
June,Southend-on-Sea Borough Council,http://opendatacommunities.org/id/unitary-authority/southend,Department of the Chief Executive,Central Services to the Public,2036,Greater Anglia T/o,27/06/2017,12055345,27.90 ,Train journey,Passenger Railways (4112)
June,Southend-on-Sea Borough Council,http://opendatacommunities.org/id/unitary-authority/southend,Place,Cultural And Related Services,4204,The Factory Shops Essex L,27/06/2017,12055345,13.95 ,Storage boxes,Misc Gen Merchandise - Def (5399)
June,Southend-on-Sea Borough Council,http://opendatacommunities.org/id/unitary-authority/southend,Place,Cultural And Related Services,4204,Sportsdirect 297,27/06/2017,12055345,30.00 ,Litter Picker Bags,Sporting Goods Stores (5941)
June,Southend-on-Sea Borough Council,http://opendatacommunities.org/id/unitary-authority/southend,Department of the Chief Executive,Central Services to the Public,2014,Sainsburys S/mkts,27/06/2017,12055345,11.63 ,Refreshments for Essex Civic Officers' meeting at Porters.,Grocery Stores/Supermarkets (5411)
June,Southend-on-Sea Borough Council,http://opendatacommunities.org/id/unitary-authority/southend,Department of the Chief Executive,Central Services to the Public,2012,Strand Gallery Ltd,27/06/2017,12055345,288.00 ,Replacement glass on 4 large paintings to be hung in Porters.,Art Dealers & Galleries (5971)
June,Southend-on-Sea Borough Council,http://opendatacommunities.org/id/unitary-authority/southend,People,Central Services to the Public,7150,Trainline,27/06/2017,12055345,18.31 ,Travel for REDACTED PERSONAL DATA to the CIPS awards.,Passenger Railways (4112)
June,Southend-on-Sea Borough Council,http://opendatacommunities.org/id/unitary-authority/southend,People,Central Services to the Public,7150,Www.Cips.Org,27/06/2017,12055345,187.68 ,CIPS membership for REDACTED PERSONAL DATA,Member Organizations - Def (8699)
June,Southend-on-Sea Borough Council,http://opendatacommunities.org/id/unitary-authority/southend,People,Adult Social Care,1342,C2c Atos Webtis,27/06/2017,12055345,104.10 ,Travel for 4 staff to attend Health + Care Conference at the Excel Centre in London,Passenger Railways (4112)
